,movie,year,timeMin,imdb,metascore,votes,us_grossMillions
0,The Mitchells vs the Machines,2021,80.0,7.8,80.0,52906,
1,Zack Snyder's Justice League,2021,54.0,8.1,54.0,296269,
2,The Father,2020,88.0,8.3,88.0,65007,
3,Avengers: Endgame,2019,78.0,8.4,78.0,881584,858.37
4,The Shawshank Redemption,1994,80.0,9.3,80.0,2400880,28.34
5,Once Upon a Time... In Hollywood,2019,83.0,7.6,83.0,586300,142.5
6,Another Round,2020,80.0,7.8,80.0,80537,
7,Sound of Metal,2019,82.0,7.8,82.0,89802,
8,The Godfather,1972,100.0,9.2,100.0,1662478,134.97
9,Inception,2010,74.0,8.8,74.0,2119293,292.58
10,Interstellar,2014,74.0,8.6,74.0,1563984,188.02
11,Knives Out,2019,82.0,7.9,82.0,494452,165.36
12,Parasite,2019,96.0,8.6,96.0,614123,53.37
13,Stand by Me,1986,75.0,8.1,75.0,370275,52.29
14,Joker,2019,59.0,8.4,59.0,1005300,335.45
15,Guardians of the Galaxy,2014,76.0,8.0,76.0,1066548,333.18
16,The Gentlemen,2019,51.0,7.8,51.0,265410,
17,Titanic,1997,75.0,7.8,75.0,1070520,659.33
18,Soul,2020,83.0,8.1,83.0,246830,
19,The Dark Knight,2008,84.0,9.0,84.0,2361646,534.86
20,Harry Potter and the Sorcerer's Stone,2001,64.0,7.6,64.0,676652,317.58
21,The Wolf of Wall Street,2013,75.0,8.2,75.0,1227460,116.9
22,Pulp Fiction,1994,94.0,8.9,94.0,1866335,107.93
23,Back to the Future,1985,87.0,8.5,87.0,1084480,210.61
24,The Lord of the Rings: The Fellowship of the Ring,2001,92.0,8.8,92.0,1696461,315.54
25,Blade Runner 2049,2017,81.0,8.0,81.0,480304,92.05
26,Tombstone,1993,50.0,7.8,50.0,130737,56.51
27,Inglourious Basterds,2009,69.0,8.3,69.0,1300843,120.54
28,Thor: Ragnarok,2017,74.0,7.9,74.0,616182,315.06
29,Jaws,1975,87.0,8.0,87.0,551285,260.0
30,Goodfellas,1990,90.0,8.7,90.0,1044952,46.84
31,Watchmen,2009,56.0,7.6,56.0,516574,107.51
32,Baby Driver,2017,86.0,7.6,86.0,457953,107.83
33,Gladiator,2000,67.0,8.5,67.0,1369055,187.71
34,Avengers: Infinity War,2018,68.0,8.4,68.0,882075,678.82
35,The Matrix,1999,73.0,8.7,73.0,1714254,171.48
36,Alien,1979,89.0,8.4,89.0,804655,78.9
37,300,2006,52.0,7.6,52.0,745598,210.61
38,Ex Machina,2014,78.0,7.7,78.0,486800,25.44
39,The Goonies,1985,62.0,7.8,62.0,249488,61.5
40,Deadpool 2,2018,66.0,7.7,66.0,499370,324.59
41,To Kill a Mockingbird,1962,88.0,8.3,88.0,298035,
42,Whiplash,2014,88.0,8.5,88.0,741116,13.09
43,Saw,2004,46.0,7.6,46.0,387240,56.0
44,Fight Club,1999,66.0,8.8,66.0,1896318,37.03
45,1917,2019,78.0,8.3,78.0,463927,159.23
46,Green Book,2018,69.0,8.2,69.0,406642,85.08
47,The Departed,2006,85.0,8.5,85.0,1215362,132.38
48,The Silence of the Lambs,1991,85.0,8.6,85.0,1301327,130.74
49,Jojo Rabbit,2019,58.0,7.9,58.0,321636,0.35
50,Call Me by Your Name,2017,93.0,7.9,93.0,224574,18.1
51,Jurassic Park,1993,68.0,8.1,68.0,886723,402.45
52,Arrival,2016,81.0,7.9,81.0,614264,100.55
53,Deadpool,2016,65.0,8.0,65.0,924429,363.07
54,Forrest Gump,1994,82.0,8.8,82.0,1855891,330.25
55,Almost Famous,2000,90.0,7.9,90.0,258129,32.53
56,Schindler's List,1993,94.0,8.9,94.0,1238762,96.9
57,Scarface,1983,65.0,8.3,65.0,760249,45.6
58,Sicario,2015,82.0,7.6,82.0,382117,46.89
59,Léon: The Professional,1994,64.0,8.5,64.0,1058357,19.5
60,Mad Max: Fury Road,2015,90.0,8.1,90.0,904774,154.06
61,Aliens,1986,84.0,8.3,84.0,664057,85.16
62,Prisoners,2013,70.0,8.1,70.0,619110,61.0
63,Heat,1995,76.0,8.2,76.0,591419,67.44
64,Shutter Island,2010,63.0,8.2,63.0,1163040,128.01
65,No Country for Old Men,2007,91.0,8.1,91.0,878766,74.28
66,Django Unchained,2012,81.0,8.4,81.0,1392233,162.81
67,The Dark Knight Rises,2012,78.0,8.4,78.0,1548216,448.14
68,Se7en,1995,65.0,8.6,65.0,1480344,100.13
69,Avatar,2009,83.0,7.8,83.0,1137203,760.51
70,Gone Girl,2014,79.0,8.1,79.0,884642,167.77
71,Hamilton,2020,90.0,8.5,90.0,65270,
72,Dunkirk,2017,94.0,7.8,94.0,575552,188.37
73,Soorarai Pottru,2020,,9.1,,81318,
74,The Princess Bride,1987,77.0,8.1,77.0,399410,30.86
75,Tangled,2010,71.0,7.7,71.0,413929,200.82
76,Ghostbusters,1984,71.0,7.8,71.0,362478,238.63
77,The Prestige,2006,66.0,8.5,66.0,1218305,53.09
78,The Trial of the Chicago 7,2020,76.0,7.8,76.0,147220,
79,Guardians of the Galaxy Vol. 2,2017,67.0,7.6,67.0,589598,389.81
80,Star Wars: Episode IV - A New Hope,1977,90.0,8.6,90.0,1253025,322.74
81,Saving Private Ryan,1998,91.0,8.6,91.0,1265160,216.54
82,Brokeback Mountain,2005,87.0,7.7,87.0,330646,83.04
83,Mystic River,2003,84.0,7.9,84.0,426806,90.14
84,The Green Mile,1999,61.0,8.6,61.0,1176110,136.8
85,The Shining,1980,66.0,8.4,66.0,919471,44.02
86,American Psycho,2000,64.0,7.6,64.0,508563,15.07
87,The Lion King,1994,88.0,8.5,88.0,963270,422.78
88,Pirates of the Caribbean: The Curse of the Black Pearl,2003,63.0,8.0,63.0,1028195,305.41
89,Little Women,2019,91.0,7.8,91.0,155181,108.1
90,Dazed and Confused,1993,78.0,7.6,78.0,170195,7.99
91,The Lord of the Rings: The Return of the King,2003,94.0,8.9,94.0,1675669,377.85
92,Requiem for a Dream,2000,68.0,8.3,68.0,781297,3.64
93,Moana,2016,81.0,7.6,81.0,283713,248.76
94,Ford v Ferrari,2019,81.0,8.1,81.0,315719,117.62
95,Skyfall,2012,81.0,7.7,81.0,638700,304.36
96,Iron Man,2008,79.0,7.9,79.0,961062,318.41
97,Captain America: Civil War,2016,75.0,7.8,75.0,686860,408.08
98,Bohemian Rhapsody,2018,49.0,7.9,49.0,470946,216.43
99,The Avengers,2012,69.0,8.0,69.0,1283782,623.28
100,Get Out,2017,85.0,7.7,85.0,510401,176.04
101,The Big Lebowski,1998,71.0,8.1,71.0,746925,17.5
102,Star Trek,2009,82.0,7.9,82.0,582257,257.73
103,Blade Runner,1982,84.0,8.1,84.0,706530,32.87
104,Snatch,2000,55.0,8.3,55.0,795922,30.33
105,Memento,2000,80.0,8.4,80.0,1146926,25.54
106,There Will Be Blood,2007,93.0,8.2,93.0,530555,40.22
107,Indiana Jones and the Raiders of the Lost Ark,1981,85.0,8.4,85.0,898905,248.16
108,Mission: Impossible - Fallout,2018,86.0,7.7,86.0,300140,220.16
109,The Hobbit: An Unexpected Journey,2012,58.0,7.8,58.0,768594,303.0
110,Come and See,1985,,8.3,,63234,
111,Spider-Man: Into the Spider-Verse,2018,87.0,8.4,87.0,402602,190.24
112,The Irishman,2019,94.0,7.8,94.0,339600,7.0
113,Pride & Prejudice,2005,82.0,7.8,82.0,266525,38.41
114,The Hunt,2012,77.0,8.3,77.0,293428,0.69
115,Fargo,1996,85.0,8.1,85.0,630313,24.61
116,Eternal Sunshine of the Spotless Mind,2004,89.0,8.3,89.0,929166,34.4
117,American Beauty,1999,84.0,8.3,84.0,1086292,130.1
118,Terminator 2: Judgment Day,1991,75.0,8.5,75.0,1012704,204.84
119,Taxi Driver,1976,94.0,8.3,94.0,742665,28.26
120,Hot Fuzz,2007,81.0,7.8,81.0,472860,23.64
121,The Breakfast Club,1985,66.0,7.8,66.0,364212,45.88
122,Harry Potter and the Deathly Hallows: Part 2,2011,85.0,8.1,85.0,784096,381.01
123,Die Hard,1988,72.0,8.2,72.0,805680,83.01
124,Wind River,2017,73.0,7.7,73.0,214890,33.8
125,Edge of Tomorrow,2014,71.0,7.9,71.0,613333,100.21
126,Stardust,2007,66.0,7.6,66.0,258987,38.63
127,Apocalypse Now,1979,94.0,8.4,94.0,618218,83.47
128,Boogie Nights,1997,85.0,7.9,85.0,244016,26.4
129,Shrek,2001,84.0,7.9,84.0,626017,267.67
130,Kingsman: The Secret Service,2014,60.0,7.7,60.0,602443,128.26
131,The Notebook,2004,53.0,7.8,53.0,530977,81.0
132,The Sixth Sense,1999,64.0,8.1,64.0,925525,293.51
133,The Godfather: Part II,1974,90.0,9.0,90.0,1155413,57.3
134,The Grand Budapest Hotel,2014,88.0,8.1,88.0,728356,59.1
135,Hacksaw Ridge,2016,71.0,8.1,71.0,452333,67.21
136,"Three Billboards Outside Ebbing, Missouri",2017,88.0,8.1,88.0,451345,54.51
137,Good Will Hunting,1997,70.0,8.3,70.0,881530,138.43
138,12 Angry Men,1957,96.0,9.0,96.0,707846,4.36
139,Harry Potter and the Goblet of Fire,2005,81.0,7.7,81.0,561290,290.01
140,Rush,2013,74.0,8.1,74.0,443481,26.95
141,Spirited Away,2001,96.0,8.6,96.0,672701,10.06
142,Braveheart,1995,68.0,8.3,68.0,974204,75.6
143,The Big Short,2015,81.0,7.8,81.0,377162,70.26
144,Big Fish,2003,58.0,8.0,58.0,420664,66.26
145,The Hateful Eight,2015,68.0,7.8,68.0,533142,54.12
146,Predator,1987,45.0,7.8,45.0,378566,59.74
147,Casino Royale,2006,80.0,8.0,80.0,590733,167.45
148,A Clockwork Orange,1971,77.0,8.3,77.0,770906,6.21
149,Shaun of the Dead,2004,76.0,7.9,76.0,521301,13.54
150,The Usual Suspects,1995,77.0,8.5,77.0,1009267,23.34
151,Zombieland,2009,73.0,7.6,73.0,529671,75.59
152,The Invisible Guest,2016,,8.1,,153432,
153,Captain Fantastic,2016,72.0,7.9,72.0,198321,5.88
154,Zootopia,2016,78.0,8.0,78.0,445540,341.27
155,The Revenant,2015,76.0,8.0,76.0,723650,183.64
156,"O Brother, Where Art Thou?",2000,69.0,7.7,69.0,293294,45.51
157,The Sandlot,1993,55.0,7.8,55.0,81090,32.42
158,The Girl with the Dragon Tattoo,2011,71.0,7.8,71.0,431929,102.52
159,The Terminator,1984,84.0,8.0,84.0,808339,38.4
160,X-Men: Days of Future Past,2014,75.0,7.9,75.0,669858,233.92
161,One Flew Over the Cuckoo's Nest,1975,84.0,8.7,84.0,934958,112.0
162,The Truman Show,1998,90.0,8.1,90.0,964788,125.62
163,Into the Wild,2007,73.0,8.1,73.0,584702,18.35
164,La La Land,2016,94.0,8.0,94.0,521808,151.1
165,Catch Me If You Can,2002,75.0,8.1,75.0,858648,164.62
166,The Pianist,2002,85.0,8.5,85.0,750639,32.57
167,The Martian,2015,80.0,8.0,80.0,777753,228.43
168,Moneyball,2011,87.0,7.6,87.0,380711,75.61
169,Oldboy,2003,77.0,8.4,77.0,528146,0.71
170,The Social Network,2010,95.0,7.7,95.0,640302,96.96
171,The Fifth Element,1997,52.0,7.7,52.0,441442,63.54
172,Kill Bill: Vol. 1,2003,69.0,8.1,69.0,1020640,70.1
173,Batman Begins,2005,70.0,8.2,70.0,1334829,206.85
174,Reservoir Dogs,1992,79.0,8.3,79.0,937307,2.83
175,The Help,2011,62.0,8.0,62.0,434559,169.71
176,The Hangover,2009,73.0,7.7,73.0,728683,277.32
177,The Lord of the Rings: The Two Towers,2002,87.0,8.7,87.0,1515208,342.55
178,Donnie Darko,2001,88.0,8.0,88.0,751347,1.48
179,Ocean's Eleven,2001,74.0,7.7,74.0,526943,183.42
180,Drive,2011,78.0,7.8,78.0,583414,35.06
181,A Star Is Born,2018,88.0,7.6,88.0,346798,215.29
182,Coco,2017,81.0,8.4,81.0,408144,209.73
183,Logan,2017,77.0,8.1,77.0,667931,226.28
184,Black Hawk Down,2001,74.0,7.7,74.0,370060,108.64
185,Rogue One: A Star Wars Story,2016,65.0,7.8,65.0,568728,532.18
186,The Incredibles,2004,90.0,8.0,90.0,668397,261.44
187,The Handmaiden,2016,84.0,8.1,84.0,121231,2.01
188,About Time,2013,55.0,7.8,55.0,314023,15.32
189,Pan's Labyrinth,2006,98.0,8.2,98.0,628513,37.63
190,Wonder,2017,66.0,8.0,66.0,147738,132.42
191,Zodiac,2007,78.0,7.7,78.0,481519,33.08
192,Mulholland Dr.,2001,85.0,7.9,85.0,328975,7.22
193,Captain America: The Winter Soldier,2014,70.0,7.7,70.0,757095,259.77
194,Full Metal Jacket,1987,76.0,8.3,76.0,687405,46.36
195,"The Good, the Bad and the Ugly",1966,90.0,8.8,90.0,701653,6.1
196,The Exorcist,1973,81.0,8.0,81.0,367579,232.91
197,Casino,1995,73.0,8.2,73.0,477087,42.44
198,Once Upon a Time in America,1984,,8.4,,318866,5.32
199,Room,2015,86.0,8.1,86.0,382735,14.68
200,Nightcrawler,2014,76.0,7.8,76.0,481191,32.38
201,Black Swan,2010,79.0,8.0,79.0,711639,106.95
202,The Intouchables,2011,57.0,8.5,57.0,780014,13.18
203,Her,2013,90.0,8.0,90.0,554801,25.57
204,Kick-Ass,2010,66.0,7.6,66.0,531718,48.07
205,Dawn of the Dead,1978,71.0,7.9,71.0,113317,5.1
206,The Game,1997,61.0,7.8,61.0,356921,48.32
207,City of God,2002,79.0,8.6,79.0,710316,7.56
208,A Beautiful Mind,2001,72.0,8.2,72.0,866067,170.74
209,Rear Window,1954,100.0,8.5,100.0,453006,36.76
210,Hidden Figures,2016,74.0,7.8,74.0,207062,169.61
211,Memories of Murder,2003,82.0,8.1,82.0,148944,0.01
212,2001: A Space Odyssey,1968,84.0,8.3,84.0,615522,56.95
213,Harry Potter and the Prisoner of Azkaban,2004,82.0,7.9,82.0,565527,249.36
214,Changeling,2008,63.0,7.7,63.0,242669,35.74
215,American History X,1998,62.0,8.5,62.0,1050800,6.72
216,Star Wars: Episode V - The Empire Strikes Back,1980,82.0,8.7,82.0,1180987,290.48
217,First Blood,1982,61.0,7.7,61.0,232502,47.21
218,Psycho,1960,97.0,8.5,97.0,616726,32.0
219,True Romance,1993,59.0,7.9,59.0,210675,12.28
220,Argo,2012,86.0,7.7,86.0,582200,136.03
221,Ratatouille,2007,96.0,8.0,96.0,655285,206.45
222,Manchester by the Sea,2016,96.0,7.8,96.0,254781,47.7
223,X-Men: First Class,2011,65.0,7.7,65.0,654240,146.41
224,Marriage Story,2019,94.0,7.9,94.0,260512,2.0
225,Back to the Future Part II,1989,57.0,7.8,57.0,491109,118.5
226,The Perks of Being a Wallflower,2012,67.0,8.0,67.0,472029,17.74
227,Dances with Wolves,1990,72.0,8.0,72.0,245787,184.21
228,Ferris Bueller's Day Off,1986,61.0,7.8,61.0,327229,70.14
229,Your Name.,2016,79.0,8.4,79.0,210390,5.02
230,"Lock, Stock and Two Smoking Barrels",1998,66.0,8.2,66.0,544825,3.9
231,The Last of the Mohicans,1992,76.0,7.7,76.0,154673,75.51
232,The Imitation Game,2014,73.0,8.0,73.0,701546,91.13
233,Star Wars: Episode VII - The Force Awakens,2015,80.0,7.8,80.0,872667,936.66
234,American Gangster,2007,76.0,7.8,76.0,399401,130.16
235,The Curious Case of Benjamin Button,2008,70.0,7.8,70.0,601731,127.51
236,Inside Out,2015,94.0,8.1,94.0,634980,356.46
237,L.A. Confidential,1997,90.0,8.2,90.0,541490,64.62
238,Willy Wonka & the Chocolate Factory,1971,67.0,7.8,67.0,182125,4.0
239,Big Hero 6,2014,74.0,7.8,74.0,419598,222.53
240,The Last Samurai,2003,55.0,7.7,55.0,406632,111.11
241,Moonrise Kingdom,2012,84.0,7.8,84.0,325549,45.51
242,Sin City,2005,74.0,8.0,74.0,743239,74.1
243,Atonement,2007,85.0,7.8,85.0,257244,50.93
244,Midnight in Paris,2011,81.0,7.7,81.0,395020,56.82
245,Life Is Beautiful,1997,59.0,8.6,59.0,638007,57.6
246,Silver Linings Playbook,2012,81.0,7.7,81.0,671610,132.09
247,Dead Poets Society,1989,79.0,8.1,79.0,438190,95.86
248,Minority Report,2002,80.0,7.6,80.0,516349,132.07
249,500 Days of Summer,2009,76.0,7.7,76.0,479854,32.39
250,Spotlight,2015,93.0,8.1,93.0,431785,45.06
251,Hachi: A Dog's Tale,2009,,8.1,,260492,
252,Trainspotting,1996,83.0,8.1,83.0,644322,16.5
253,Serenity,2005,74.0,7.8,74.0,286066,25.51
254,Harry Potter and the Deathly Hallows: Part 1,2010,65.0,7.7,65.0,490987,295.98
255,The Bourne Identity,2002,68.0,7.9,68.0,516259,121.66
256,Portrait of a Lady on Fire,2019,95.0,8.1,95.0,71594,3.76
257,The Peanut Butter Falcon,2019,70.0,7.6,70.0,71953,13.12
258,Cast Away,2000,73.0,7.8,73.0,537772,233.63
259,Airplane!,1980,78.0,7.7,78.0,219334,83.4
260,Office Space,1999,68.0,7.7,68.0,246555,10.82
261,What's Eating Gilbert Grape,1993,73.0,7.7,73.0,219441,9.17
262,Stagecoach,1939,93.0,7.9,93.0,44850,
263,V for Vendetta,2005,62.0,8.1,62.0,1050116,70.51
264,A Few Good Men,1992,62.0,7.7,62.0,240634,141.34
265,Blue Is the Warmest Colour,2013,89.0,7.7,89.0,141515,2.2
266,Scent of a Woman,1992,59.0,8.0,59.0,271642,63.9
267,The Godfather: Part III,1990,60.0,7.6,60.0,368285,66.67
268,Amadeus,1984,88.0,8.3,88.0,375481,51.97
269,Training Day,2001,69.0,7.7,69.0,400681,76.63
270,The Sound of Music,1965,63.0,8.0,63.0,210968,163.21
271,"Monsters, Inc.",2001,79.0,8.1,79.0,831908,289.92
272,The Wizard of Oz,1939,92.0,8.0,92.0,374904,2.08
273,The Sting,1973,83.0,8.3,83.0,245836,159.6
274,The Blues Brothers,1980,60.0,7.9,60.0,186520,57.23
275,Star Wars: Episode VI - Return of the Jedi,1983,58.0,8.3,58.0,967794,309.13
276,12 Years a Slave,2013,96.0,8.1,96.0,653612,56.67
277,Boyhood,2014,100.0,7.9,100.0,339841,25.38
278,Finding Nemo,2003,90.0,8.1,90.0,966340,380.84
279,Harry Potter and the Half-Blood Prince,2009,78.0,7.6,78.0,487700,301.96
280,Toy Story,1995,95.0,8.3,95.0,906518,191.8
281,The Blind Side,2009,53.0,7.6,53.0,300200,255.96
282,E.T. the Extra-Terrestrial,1982,91.0,7.8,91.0,378945,435.11
283,The Last Picture Show,1971,93.0,8.0,93.0,43693,29.13
284,Capernaum,2018,75.0,8.4,75.0,69590,1.66
285,Home Alone,1990,63.0,7.6,63.0,497485,285.76
286,Unforgiven,1992,85.0,8.2,85.0,383066,101.16
287,Apocalypto,2006,68.0,7.8,68.0,295353,50.87
288,The Hobbit: The Desolation of Smaug,2013,66.0,7.8,66.0,611309,258.37
289,The Pursuit of Happyness,2006,64.0,8.0,64.0,460662,163.57
290,Birdman or (The Unexpected Virtue of Ignorance),2014,87.0,7.7,87.0,590939,42.34
291,Indiana Jones and the Last Crusade,1989,65.0,8.2,65.0,703380,197.17
292,Warrior,2011,71.0,8.1,71.0,443016,13.66
293,Inside Man,2006,76.0,7.6,76.0,347770,88.51
294,3 Idiots,2009,67.0,8.4,67.0,356637,6.53
295,The Thing,1982,57.0,8.1,57.0,379370,13.78
296,Casablanca,1942,100.0,8.5,100.0,531227,1.02
297,Incredibles 2,2018,80.0,7.6,80.0,259426,608.58
298,Children of Men,2006,84.0,7.9,84.0,471956,35.55
299,Incendies,2010,80.0,8.3,80.0,155880,6.86
300,Howl's Moving Castle,2004,80.0,8.2,80.0,346022,4.71
301,Rocky,1976,70.0,8.1,70.0,529265,117.24
302,Mulan,1998,71.0,7.6,71.0,262628,120.62
303,Coraline,2009,80.0,7.7,80.0,202372,75.29
304,12 Monkeys,1995,74.0,8.0,74.0,586790,57.14
305,Gone with the Wind,1939,97.0,8.1,97.0,294966,198.68
306,Inherit the Wind,1960,75.0,8.1,75.0,27966,
307,Sherlock Holmes,2009,57.0,7.6,57.0,592077,209.03
308,Downfall,2004,82.0,8.2,82.0,336569,5.51
309,Little Miss Sunshine,2006,80.0,7.8,80.0,447340,59.89
310,Once Upon a Time in the West,1968,80.0,8.5,80.0,308242,5.32
311,Hell or High Water,2016,88.0,7.6,88.0,209244,26.86
312,The Untouchables,1987,79.0,7.9,79.0,287601,76.27
313,Up,2009,88.0,8.2,88.0,955300,293.0
314,Platoon,1986,92.0,8.1,92.0,387819,138.53
315,Blazing Saddles,1974,73.0,7.7,73.0,128153,119.5
316,Lawrence of Arabia,1962,100.0,8.3,100.0,273110,44.82
317,Star Trek Into Darkness,2013,72.0,7.7,72.0,467067,228.78
318,Deliverance,1972,80.0,7.7,80.0,100463,7.06
319,Dallas Buyers Club,2013,80.0,8.0,80.0,452015,27.3
320,Apollo 13,1995,77.0,7.6,77.0,275209,173.84
321,Citizen Kane,1941,100.0,8.3,100.0,413082,1.59
322,Amélie,2001,69.0,8.3,69.0,714494,33.23
323,Some Like It Hot,1959,98.0,8.2,98.0,248394,25.0
324,The Lives of Others,2006,89.0,8.4,89.0,365977,11.29
325,The Deer Hunter,1978,86.0,8.1,86.0,317190,48.98
326,Toy Story 4,2019,84.0,7.7,84.0,213297,434.04
327,Taken,2008,51.0,7.8,51.0,571714,145.0
328,The Thin Red Line,1998,78.0,7.6,78.0,175956,36.4
329,Remember the Titans,2000,48.0,7.8,48.0,201238,115.65
330,Seven Samurai,1954,98.0,8.6,98.0,321910,0.27
331,Lost in Translation,2003,89.0,7.7,89.0,423799,44.59
332,True Grit,2010,80.0,7.6,80.0,317833,171.24
333,The Boy in the Striped Pajamas,2008,55.0,7.8,55.0,195088,9.03
334,What We Do in the Shadows,2014,76.0,7.7,76.0,162216,3.33
335,Lion,2016,69.0,8.0,69.0,220091,51.74
336,WALL·E,2008,95.0,8.4,95.0,1021198,223.81
337,Blue Velvet,1986,76.0,7.7,76.0,184846,8.55
338,"Paris, Texas",1984,78.0,8.1,78.0,95276,2.18
339,Kill Bill: Vol. 2,2004,83.0,8.0,83.0,696383,66.21
340,The Warriors,1979,65.0,7.6,65.0,95679,22.49
341,Frankenstein,1931,91.0,7.8,91.0,66523,
342,Rain Man,1988,65.0,8.0,65.0,481231,178.8
343,Cinema Paradiso,1988,80.0,8.5,80.0,237185,11.99
344,Grave of the Fireflies,1988,94.0,8.5,94.0,243830,
345,Mary Poppins,1964,88.0,7.8,88.0,160647,102.27
346,Hunt for the Wilderpeople,2016,81.0,7.9,81.0,116214,5.2
347,Papillon,1973,58.0,8.0,58.0,123861,53.27
348,Dr. Strangelove or: How I Learned to Stop Worrying and Love the Bomb,1964,97.0,8.4,97.0,458064,0.28
349,Vertigo,1958,100.0,8.3,100.0,371985,3.2
350,Dark Waters,2019,73.0,7.6,73.0,68231,
351,Sense and Sensibility,1995,84.0,7.7,84.0,105123,43.18
352,Fear and Loathing in Las Vegas,1998,41.0,7.6,41.0,263978,10.68
353,How to Train Your Dragon,2010,75.0,8.1,75.0,680043,217.58
354,Slumdog Millionaire,2008,84.0,8.0,84.0,808965,141.32
355,Paddington 2,2017,88.0,7.8,88.0,65025,40.44
356,Night of the Living Dead,1968,89.0,7.9,89.0,118840,0.09
357,Beauty and the Beast,1991,95.0,8.0,95.0,422301,218.97
358,Who Framed Roger Rabbit,1988,83.0,7.7,83.0,185274,156.45
359,Moon,2009,67.0,7.8,67.0,340194,5.01
360,I Saw the Devil,2010,67.0,7.8,67.0,115390,0.13
361,The Fugitive,1993,87.0,7.8,87.0,272861,183.88
362,Misery,1990,75.0,7.8,75.0,189072,61.28
363,The Graduate,1967,83.0,8.0,83.0,257177,104.95
364,My Fair Lady,1964,95.0,7.8,95.0,88502,72.0
365,Princess Mononoke,1997,76.0,8.4,76.0,353441,2.38
366,Before Sunrise,1995,77.0,8.1,77.0,279573,5.54
367,Despicable Me,2010,72.0,7.6,72.0,508656,251.51
368,The Bourne Supremacy,2004,73.0,7.7,73.0,440525,176.24
369,Y Tu Mamá También,2001,88.0,7.6,88.0,117476,13.62
370,Crash,2004,66.0,7.7,66.0,423447,54.58
371,Rosemary's Baby,1968,96.0,8.0,96.0,198597,
372,Do the Right Thing,1989,93.0,8.0,93.0,92798,27.55
373,Falling Down,1993,56.0,7.6,56.0,175810,40.9
374,The Hunt for Red October,1990,58.0,7.6,58.0,184313,122.01
375,Walk the Line,2005,72.0,7.8,72.0,237610,119.52
376,Edward Scissorhands,1990,74.0,7.9,74.0,453738,56.36
377,Blood Diamond,2006,64.0,8.0,64.0,508554,57.37
378,Creed,2015,82.0,7.6,82.0,252538,109.77
379,Chinatown,1974,92.0,8.2,92.0,300916,8.49
380,Aladdin,1992,86.0,8.0,86.0,379931,217.35
381,The Others,2001,74.0,7.6,74.0,343812,96.52
382,Halloween,1978,87.0,7.7,87.0,237130,47.0
383,Gifted,2017,60.0,7.6,60.0,103934,24.8
384,My Cousin Vinny,1992,68.0,7.6,68.0,110813,52.93
385,The Lego Movie,2014,83.0,7.7,83.0,328612,257.76
386,Raatchasan,2018,,8.5,,30447,
387,The Butterfly Effect,2004,30.0,7.6,30.0,457707,57.94
388,The Theory of Everything,2014,72.0,7.7,72.0,414490,35.89
389,The Skin I Live In,2011,70.0,7.6,70.0,142105,3.19
390,Monty Python and the Holy Grail,1975,91.0,8.2,91.0,508216,1.23
391,The Count of Monte Cristo,2002,61.0,7.7,61.0,130950,54.23
392,Life of Pi,2012,79.0,7.9,79.0,590528,124.99
393,The Machinist,2004,61.0,7.7,61.0,364317,1.08
394,Gone Baby Gone,2007,72.0,7.6,72.0,254856,20.3
395,Boyz n the Hood,1991,76.0,7.8,76.0,129062,57.5
396,As Good as It Gets,1997,67.0,7.7,67.0,280408,148.48
397,Gravity,2013,96.0,7.7,96.0,780116,274.09
398,Young Frankenstein,1974,80.0,8.0,80.0,145668,86.3
399,Man on Fire,2004,47.0,7.7,47.0,334539,77.91
400,Dangal,2016,,8.4,,164323,12.39
401,Magnolia,1999,77.0,8.0,77.0,293587,22.46
402,Lethal Weapon,1987,68.0,7.6,68.0,240762,65.21
403,In the Mood for Love,2000,85.0,8.1,85.0,130500,2.73
404,A Little Princess,1995,83.0,7.7,83.0,32714,10.02
405,Fantastic Mr. Fox,2009,83.0,7.9,83.0,206557,21.0
406,It's a Wonderful Life,1946,89.0,8.6,89.0,413132,
407,Mr. Nobody,2009,63.0,7.8,63.0,220353,0.0
408,Gran Torino,2008,72.0,8.1,72.0,730897,148.1
409,Just Mercy,2019,68.0,7.6,68.0,52098,
410,The King's Speech,2010,88.0,8.0,88.0,648863,138.8
411,In the Heat of the Night,1967,75.0,7.9,75.0,69228,24.38
412,Arsenic and Old Lace,1943,,8.0,,65966,
413,The Florida Project,2017,92.0,7.6,92.0,99184,5.9
414,The Great Escape,1963,86.0,8.2,86.0,228884,12.1
415,Bridge of Spies,2015,81.0,7.6,81.0,293380,72.31
416,Million Dollar Baby,2004,86.0,8.1,86.0,646669,100.49
417,District 9,2009,81.0,7.9,81.0,645342,115.65
418,Straight Outta Compton,2015,72.0,7.8,72.0,183898,161.2
419,A Silent Voice: The Movie,2016,78.0,8.2,78.0,55212,
420,Barry Lyndon,1975,89.0,8.1,89.0,153751,
421,Gattaca,1997,64.0,7.8,64.0,285331,12.34
422,Breakfast at Tiffany's,1961,76.0,7.6,76.0,169862,
423,The Fault in Our Stars,2014,69.0,7.7,69.0,350138,124.87
424,The Bourne Ultimatum,2007,85.0,8.0,85.0,610186,227.47
425,The Royal Tenenbaums,2001,76.0,7.6,76.0,271862,52.36
426,Toy Story 3,2010,92.0,8.2,92.0,771116,415.0
427,Battle Royale,2000,81.0,7.6,81.0,171568,
428,The Holy Mountain,1973,76.0,7.9,76.0,38560,0.06
429,In Bruges,2008,67.0,7.9,67.0,396060,7.76
430,The French Connection,1971,94.0,7.7,94.0,112878,15.63
431,Midnight Cowboy,1969,79.0,7.8,79.0,102990,44.79
432,October Sky,1999,71.0,7.8,71.0,84646,32.48
433,Primal Fear,1996,47.0,7.7,47.0,194347,56.12
434,Traffic,2000,86.0,7.6,86.0,198534,124.12
435,Road to Perdition,2002,72.0,7.7,72.0,251007,104.45
436,Groundhog Day,1993,72.0,8.0,72.0,587165,70.91
437,The Secret in Their Eyes,2009,80.0,8.2,80.0,197250,6.39
438,Cinderella Man,2005,69.0,8.0,69.0,178528,61.65
439,Tumbbad,2018,,8.3,,32216,
440,Shoplifters,2018,93.0,7.9,93.0,66681,3.31
441,North by Northwest,1959,98.0,8.3,98.0,304364,13.28
442,The Raid: Redemption,2011,73.0,7.6,73.0,193660,4.11
443,Mad Max 2: The Road Warrior,1981,77.0,7.6,77.0,169226,12.47
444,Isle of Dogs,2018,82.0,7.9,82.0,145177,32.02
445,Wreck-It Ralph,2012,72.0,7.7,72.0,387426,189.42
446,This Is Spinal Tap,1984,92.0,7.9,92.0,131091,0.19
447,The Outlaw Josey Wales,1976,69.0,7.8,69.0,66864,31.8
448,When Harry Met Sally...,1989,76.0,7.6,76.0,200177,92.82
449,JFK,1991,72.0,8.0,72.0,144896,70.41
450,Cool Hand Luke,1967,92.0,8.1,92.0,165050,16.22
451,Close Encounters of the Third Kind,1977,90.0,7.6,90.0,188179,132.09
452,A Bronx Tale,1993,80.0,7.8,80.0,130817,17.27
453,Carlito's Way,1993,65.0,7.9,65.0,204731,36.95
454,Only the Brave,2017,72.0,7.6,72.0,60790,18.34
455,Searching,2018,71.0,7.6,71.0,146188,26.02
456,The Naked Gun: From the Files of Police Squad!,1988,76.0,7.6,76.0,156330,78.76
457,Raging Bull,1980,89.0,8.2,89.0,327774,23.38
458,Planet of the Apes,1968,79.0,8.0,79.0,167534,33.4
459,The Fighter,2010,79.0,7.8,79.0,346193,93.62
460,The Boondock Saints,1999,44.0,7.8,44.0,229555,0.03
461,The Ten Commandments,1956,,7.9,,65779,93.74
462,Lucky Number Slevin,2006,53.0,7.7,53.0,302237,22.49
463,The Magnificent Seven,1960,74.0,7.7,74.0,89168,4.91
464,3:10 to Yuma,2007,76.0,7.7,76.0,293531,53.61
465,Dark City,1998,66.0,7.6,66.0,190479,14.38
466,Donnie Brasco,1997,76.0,7.7,76.0,285686,41.91
467,Enter the Dragon,1973,83.0,7.7,83.0,98539,25.0
468,Fried Green Tomatoes,1991,64.0,7.7,64.0,68528,82.42
469,The Birds,1963,90.0,7.7,90.0,174806,11.4
470,The Best Years of Our Lives,1946,93.0,8.1,93.0,58215,23.65
471,Das Boot,1981,86.0,8.3,86.0,235883,11.49
472,Sling Blade,1996,84.0,8.0,84.0,88392,24.48
473,Die Hard with a Vengeance,1995,58.0,7.6,58.0,368452,100.01
474,Captain Phillips,2013,82.0,7.8,82.0,428903,107.1
475,Wild Tales,2014,77.0,8.1,77.0,182416,3.11
476,In the Name of the Father,1993,84.0,8.1,84.0,161856,25.01
477,Brazil,1985,84.0,7.9,84.0,190431,9.93
478,Billy Elliot,2000,74.0,7.7,74.0,128521,22.0
479,Goldfinger,1964,87.0,7.7,87.0,176851,51.08
480,Blood Simple,1984,83.0,7.6,83.0,89954,2.15
481,Spartacus,1960,87.0,7.9,87.0,126199,30.0
482,Empire of the Sun,1987,62.0,7.7,62.0,117945,22.24
483,Dog Day Afternoon,1975,86.0,8.0,86.0,239896,50.0
484,My Neighbor Totoro,1988,86.0,8.2,86.0,301204,1.11
485,End of Watch,2012,68.0,7.6,68.0,231641,41.0
486,Flipped,2010,45.0,7.7,45.0,83279,1.75
487,"Crouching Tiger, Hidden Dragon",2000,94.0,7.8,94.0,256753,128.08
488,Eastern Promises,2007,82.0,7.6,82.0,231240,17.11
489,Enemy at the Gates,2001,53.0,7.6,53.0,247407,51.4
490,Chungking Express,1994,77.0,8.1,77.0,67447,0.6
491,Glory,1989,78.0,7.8,78.0,125761,26.83
492,The Searchers,1956,94.0,7.9,94.0,82016,
493,The Body,2012,,7.6,,59937,
494,Akira,1988,,8.0,,168966,0.55
495,Hotel Rwanda,2004,79.0,8.1,79.0,338902,23.53
496,Dirty Harry,1971,90.0,7.7,90.0,145925,35.9
497,Toy Story 2,1999,88.0,7.9,88.0,536596,245.85
498,The Girl with the Dragon Tattoo,2009,76.0,7.8,76.0,210698,10.1
499,The Iron Giant,1999,85.0,8.0,85.0,175825,23.16
500,The Color Purple,1985,78.0,7.8,78.0,80320,98.47
501,The Elephant Man,1980,78.0,8.1,78.0,224552,
502,La Haine,1995,,8.1,,155308,0.31
503,Perfect Blue,1997,,8.0,,61741,0.78
504,Monty Python's Life of Brian,1979,77.0,8.1,77.0,373779,20.05
505,Butch Cassidy and the Sundance Kid,1969,66.0,8.0,66.0,204246,102.31
506,Being John Malkovich,1999,90.0,7.7,90.0,317450,22.86
507,Ben-Hur,1959,90.0,8.1,90.0,223223,74.7
508,The Illusionist,2006,68.0,7.6,68.0,358336,39.87
509,This Is England,2006,86.0,7.7,86.0,116908,0.33
510,Gangs of Wasseypur,2012,89.0,8.2,89.0,85814,
511,The Jungle Book,1967,65.0,7.6,65.0,169292,141.84
512,Stalker,1979,,8.1,,120614,0.23
513,Match Point,2005,72.0,7.6,72.0,208705,23.09
514,Sunset Blvd.,1950,,8.4,,205704,
515,Lost Highway,1997,52.0,7.6,52.0,133653,3.8
516,"Blood In, Blood Out",1993,47.0,8.0,47.0,29311,4.5
517,Serpico,1973,87.0,7.7,87.0,112661,29.8
518,The Manchurian Candidate,1962,94.0,7.9,94.0,72131,
519,Singin' in the Rain,1952,99.0,8.3,99.0,223420,8.82
520,The Conversation,1974,85.0,7.8,85.0,101656,4.42
521,Roma,2018,96.0,7.7,96.0,144774,
522,How to Train Your Dragon 2,2014,76.0,7.8,76.0,311037,177.0
523,Let the Right One In,2008,82.0,7.9,82.0,207687,2.12
524,Ghost in the Shell,1995,76.0,8.0,76.0,132316,0.52
525,Bonnie and Clyde,1967,86.0,7.8,86.0,104455,
526,Andhadhun,2018,,8.2,,77280,1.37
527,Judgment at Nuremberg,1961,60.0,8.2,60.0,71344,
528,Clerks,1994,70.0,7.7,70.0,213547,3.15
529,Modern Times,1936,96.0,8.5,96.0,223132,0.16
530,Metropolis,1927,98.0,8.3,98.0,162971,1.24
531,Kagemusha,1980,84.0,8.0,84.0,32970,
532,Lord of War,2005,62.0,7.6,62.0,298080,24.15
533,Awakenings,1990,74.0,7.8,74.0,129175,52.1
534,The Fall,2006,64.0,7.9,64.0,108364,2.28
535,Evil Dead II,1987,72.0,7.7,72.0,150683,5.92
536,Adaptation.,2002,83.0,7.7,83.0,181396,22.25
537,Philadelphia,1993,66.0,7.7,66.0,228288,77.32
538,The Remains of the Day,1993,86.0,7.8,86.0,68189,22.95
539,The Nightmare Before Christmas,1993,82.0,8.0,82.0,304341,75.08
540,Naked,1993,84.0,7.8,84.0,35744,1.77
541,Rushmore,1998,86.0,7.7,86.0,172802,17.11
542,Dogville,2003,60.0,8.0,60.0,140091,1.53
543,Paths of Glory,1957,90.0,8.4,90.0,182382,
544,Before Sunset,2004,90.0,8.1,90.0,242167,5.82
545,The Man Who Shot Liberty Valance,1962,94.0,8.1,94.0,70553,
546,After Hours,1985,90.0,7.7,90.0,62058,10.6
547,Giant,1956,84.0,7.6,84.0,34859,
548,Kung Fu Hustle,2004,78.0,7.7,78.0,129638,17.11
549,The King of Comedy,1982,73.0,7.8,73.0,93020,2.5
550,Ponyo,2008,86.0,7.7,86.0,129222,15.09
551,Glengarry Glen Ross,1992,82.0,7.7,82.0,97529,10.73
552,Withnail & I,1987,84.0,7.6,84.0,41201,1.54
553,The Seventh Seal,1957,88.0,8.2,88.0,169351,
554,The Wrestler,2008,80.0,7.9,80.0,292367,26.24
555,The Man from Earth,2007,,7.9,,177108,
556,Togo,2019,69.0,8.0,69.0,40758,
557,Before Midnight,2013,94.0,7.9,94.0,145146,8.11
558,A Separation,2011,95.0,8.3,95.0,225572,7.1
559,Annie Hall,1977,92.0,8.0,92.0,254733,39.2
560,Hara-Kiri,1962,85.0,8.6,85.0,45351,
561,Mississippi Burning,1988,65.0,7.8,65.0,90621,34.6
562,Solaris,1972,90.0,8.1,90.0,82998,
563,The Right Stuff,1983,91.0,7.8,91.0,57009,21.5
564,Star Trek II: The Wrath of Khan,1982,67.0,7.7,67.0,114340,78.91
565,All the President's Men,1976,84.0,8.0,84.0,105642,70.6
566,Ran,1985,96.0,8.2,96.0,115641,4.14
567,Rebecca,1940,86.0,8.1,86.0,126637,4.36
568,The Name of the Rose,1986,54.0,7.7,54.0,103674,7.15
569,A Fistful of Dollars,1964,65.0,8.0,65.0,201647,14.5
570,Pather Panchali,1955,,8.6,,25357,0.54
571,Witness for the Prosecution,1957,,8.4,,112203,8.18
572,Drishyam 2,2021,,8.7,,26027,
573,Cabaret,1972,80.0,7.8,80.0,49217,42.77
574,Klaus,2019,65.0,8.2,65.0,113282,
575,The Bridge on the River Kwai,1957,87.0,8.1,87.0,206963,44.91
576,Ayla: The Daughter of War,2017,,8.4,,35768,
577,Doctor Zhivago,1965,69.0,8.0,69.0,71146,111.72
578,For a Few Dollars More,1965,74.0,8.2,74.0,237324,15.0
579,Seven Pounds,2008,36.0,7.6,36.0,290121,69.95
580,Miracle in Cell No. 7,2019,,8.2,,39411,
581,A Streetcar Named Desire,1951,97.0,8.0,97.0,100710,8.0
582,Hero,2002,85.0,7.9,85.0,175490,53.71
583,Dancer in the Dark,2000,61.0,8.0,61.0,104053,4.18
584,The Artist,2011,89.0,7.9,89.0,233377,44.67
585,The Raid 2,2014,71.0,8.0,71.0,116239,2.63
586,Ordinary People,1980,86.0,7.7,86.0,48173,54.8
587,Miller's Crossing,1990,66.0,7.7,66.0,127737,5.08
588,Ed Wood,1994,70.0,7.8,70.0,166929,5.89
589,Gandhi,1982,79.0,8.0,79.0,219989,52.77
590,Rebel Without a Cause,1955,89.0,7.7,89.0,85042,
591,Days of Heaven,1978,93.0,7.8,93.0,54159,
592,The Day of the Jackal,1973,80.0,7.8,80.0,38230,16.06
593,The Last Emperor,1987,76.0,7.7,76.0,96537,43.98
594,Ip Man,2008,59.0,8.0,59.0,213893,
595,Like Stars on Earth,2007,,8.4,,175237,1.22
596,Nausicaä of the Valley of the Wind,1984,86.0,8.1,86.0,155344,0.5
597,The Man from Nowhere,2010,,7.8,,64570,0.01
598,Happiness,1998,81.0,7.7,81.0,67229,2.81
599,The Last King of Scotland,2006,74.0,7.7,74.0,177891,17.61
600,The Apartment,1960,94.0,8.3,94.0,167837,18.6
601,The Best Offer,2013,49.0,7.8,49.0,111136,0.09
602,Mother,2009,79.0,7.8,79.0,55592,0.55
603,Malcolm X,1992,73.0,7.7,73.0,88067,48.17
604,Network,1976,83.0,8.1,83.0,147730,
605,Kramer vs. Kramer,1979,77.0,7.8,77.0,136321,106.26
606,Persona,1966,86.0,8.1,86.0,106789,
607,His Girl Friday,1940,,7.9,,54660,0.3
608,Fallen Angels,1995,71.0,7.7,71.0,28814,
609,Amores Perros,2000,83.0,8.1,83.0,227273,5.38
610,The Wild Bunch,1969,97.0,7.9,97.0,78653,12.06
611,The Dirty Dozen,1967,73.0,7.7,73.0,68270,45.3
612,Kiki's Delivery Service,1989,83.0,7.9,83.0,128654,
613,Roman Holiday,1953,78.0,8.0,78.0,129575,
614,Charade,1963,83.0,7.9,83.0,70750,13.47
615,Rio Bravo,1959,93.0,8.0,93.0,57456,12.54
616,On the Waterfront,1954,91.0,8.1,91.0,144807,9.6
617,I Am Sam,2001,28.0,7.6,28.0,144464,40.31
618,Bajrangi Bhaijaan,2015,,8.0,,77890,8.18
619,M,1931,,8.3,,146579,0.03
620,Badlands,1973,93.0,7.8,93.0,67751,
621,Who's Afraid of Virginia Woolf?,1966,75.0,8.0,75.0,70145,
622,The Longest Day,1962,75.0,7.8,75.0,52776,39.1
623,The Taking of Pelham One Two Three,1974,68.0,7.7,68.0,27579,2.49
624,Mary and Max,2009,,8.1,,167351,
625,Finding Neverland,2004,67.0,7.7,67.0,200476,51.68
626,Fiddler on the Roof,1971,67.0,8.0,67.0,40294,80.5
627,Touch of Evil,1958,99.0,8.0,99.0,99720,2.24
628,Sing Street,2016,79.0,7.9,79.0,87050,3.24
629,God's Own Country,2017,85.0,7.7,85.0,26577,0.34
630,8½,1963,91.0,8.0,91.0,110985,0.05
631,Kelly's Heroes,1970,50.0,7.6,50.0,46110,1.38
632,Neon Genesis Evangelion: The End of Evangelion,1997,,8.1,,42020,
633,The Celebration,1998,82.0,8.1,82.0,80223,1.65
634,PK,2014,,8.1,,167661,10.62
635,21 Grams,2003,70.0,7.6,70.0,226967,16.29
636,The Insider,1999,84.0,7.8,84.0,162179,28.97
637,Mommy,2014,74.0,8.1,74.0,52313,3.49
638,The Great Beauty,2013,86.0,7.8,86.0,82841,2.85
639,Short Term 12,2013,82.0,8.0,82.0,83430,1.01
640,All About Eve,1950,98.0,8.2,98.0,122778,0.01
641,Open Your Eyes,1997,,7.7,,64976,0.37
642,The Straight Story,1999,86.0,8.0,86.0,83583,6.2
643,Dara of Jasenovac,2020,,8.3,,34692,
644,50/50,2011,72.0,7.6,72.0,318474,35.01
645,Black Book,2006,71.0,7.7,71.0,73580,4.4
646,Kubo and the Two Strings,2016,84.0,7.8,84.0,120470,48.02
647,King Kong,1933,90.0,7.9,90.0,80668,10.0
648,Run Lola Run,1998,77.0,7.7,77.0,190295,7.27
649,Shane,1953,80.0,7.6,80.0,37845,20.0
650,The Bridges of Madison County,1995,69.0,7.6,69.0,74944,71.52
651,Me and Earl and the Dying Girl,2015,74.0,7.7,74.0,125354,6.74
652,The Night of the Hunter,1955,99.0,8.0,99.0,83525,0.65
653,Barton Fink,1991,69.0,7.7,69.0,115055,6.15
654,High Noon,1952,89.0,8.0,89.0,98815,9.45
655,Dial M for Murder,1954,75.0,8.2,75.0,161910,0.01
656,The Wave,2008,,7.6,,104429,
657,Ray,2004,73.0,7.7,73.0,140546,75.33
658,Double Indemnity,1944,95.0,8.3,95.0,146450,5.72
659,Three Colors: Red,1994,100.0,8.1,100.0,93491,4.04
660,Anatomy of a Murder,1959,95.0,8.0,95.0,61086,11.9
661,The Third Man,1949,97.0,8.1,97.0,161650,0.45
662,The Quiet Man,1952,,7.8,,35709,10.55
663,The Treasure of the Sierra Madre,1948,98.0,8.2,98.0,116454,5.01
664,Vikram Vedha,2017,,8.4,,31077,
665,Belle de Jour,1967,,7.7,,41225,0.03
666,Once,2007,88.0,7.8,88.0,111928,9.44
667,Beasts of No Nation,2015,79.0,7.7,79.0,75710,0.08
668,The Hustler,1961,90.0,8.0,90.0,76223,8.28
669,The Maltese Falcon,1941,96.0,8.0,96.0,150811,2.11
670,Drishyam,2015,,8.2,,74068,0.74
671,The Wind Rises,2013,83.0,7.8,83.0,76401,5.21
672,Nosferatu,1922,,7.9,,90168,
673,Castle in the Sky,1986,78.0,8.0,78.0,153574,
674,On Golden Pond,1981,68.0,7.6,68.0,28334,119.29
675,The Chaser,2008,64.0,7.8,64.0,60241,
676,Paprika,2006,81.0,7.7,81.0,73743,0.88
677,Rashomon,1950,98.0,8.2,98.0,155996,0.1
678,Sabrina,1954,72.0,7.7,72.0,60631,
679,Strangers on a Train,1951,88.0,8.0,88.0,125047,7.63
680,The Great Dictator,1940,,8.4,,207255,0.29
681,Escape from Alcatraz,1979,76.0,7.6,76.0,124403,43.0
682,Breathless,1960,,7.8,,74949,0.34
683,My Left Foot,1989,97.0,7.9,97.0,69667,14.74
684,Pride,2014,79.0,7.8,79.0,52921,
685,The Killing Fields,1984,76.0,7.8,76.0,52544,34.7
686,Rope,1948,73.0,8.0,73.0,132436,
687,East of Eden,1955,72.0,7.9,72.0,41320,
688,Paper Moon,1973,77.0,8.1,77.0,43130,30.93
689,All That Jazz,1979,72.0,7.9,72.0,28853,37.82
690,Manhattan,1979,83.0,7.9,83.0,133174,45.7
691,Zulu,1964,77.0,7.7,77.0,36745,
692,La Dolce Vita,1960,95.0,8.0,95.0,68152,19.52
693,The Tenant,1976,71.0,7.7,71.0,40951,1.92
694,The Grapes of Wrath,1940,96.0,8.1,96.0,86582,0.06
695,The Secret World of Arrietty,2010,80.0,7.6,80.0,83643,19.2
696,Cape Fear,1962,76.0,7.7,76.0,26956,
697,Wings of Desire,1987,79.0,8.0,79.0,66219,3.33
698,A Man Called Ove,2015,70.0,7.7,70.0,49240,3.36
699,La Vie En Rose,2007,66.0,7.6,66.0,83742,10.3
700,Where Eagles Dare,1968,63.0,7.6,63.0,52963,
701,Three Colors: Blue,1993,85.0,7.9,85.0,92562,1.32
702,Letters from Iwo Jima,2006,89.0,7.9,89.0,155632,13.76
703,Zindagi Na Milegi Dobara,2011,,8.2,,70078,3.11
704,Fanny and Alexander,1982,100.0,8.1,100.0,58760,4.97
705,Amour,2012,94.0,7.9,94.0,94810,6.74
706,Breaking the Waves,1996,76.0,7.8,76.0,63452,4.04
707,The Long Goodbye,1973,87.0,7.6,87.0,27135,0.96
708,It Happened One Night,1934,87.0,8.1,87.0,96168,4.36
709,Good Bye Lenin!,2003,68.0,7.7,68.0,139854,4.06
710,From Here to Eternity,1953,85.0,7.6,85.0,44162,30.5
711,Pink Floyd: The Wall,1982,47.0,8.0,47.0,77193,22.24
712,Infernal Affairs,2002,75.0,8.0,75.0,119132,0.17
713,Repulsion,1965,91.0,7.7,91.0,49815,
714,Being There,1979,83.0,8.0,83.0,66999,30.18
715,25th Hour,2002,68.0,7.6,68.0,171431,13.06
716,"Spring, Summer, Fall, Winter... and Spring",2003,85.0,8.0,85.0,78714,2.38
717,Notorious,1946,100.0,8.0,100.0,93723,10.46
718,The Philadelphia Story,1940,96.0,7.9,96.0,64675,
719,Mirror,1975,80.0,8.1,80.0,41350,0.18
720,A Prophet,2009,90.0,7.9,90.0,94914,2.08
721,Detachment,2011,52.0,7.7,52.0,78922,0.07
722,The 400 Blows,1959,,8.1,,108202,
723,What Ever Happened to Baby Jane?,1962,75.0,8.1,75.0,51343,4.05
724,Patton,1970,91.0,7.9,91.0,94937,61.7
725,Hannah and Her Sisters,1986,90.0,7.9,90.0,68233,40.08
726,Harold and Maude,1971,62.0,7.9,62.0,72065,
727,"I, Daniel Blake",2016,78.0,7.9,78.0,55691,0.26
728,To Have and Have Not,1944,90.0,7.8,90.0,31720,
729,Hamlet,1996,,7.7,,36378,4.41
730,The Verdict,1982,77.0,7.7,77.0,36954,54.0
731,Yojimbo,1961,,8.2,,113836,
732,Adam's Apples,2005,51.0,7.8,51.0,46995,0.0
733,Bicycle Thieves,1948,,8.3,,150261,0.33
734,Short Cuts,1993,79.0,7.7,79.0,42847,6.11
735,A Christmas Story,1983,77.0,7.9,77.0,133922,20.61
736,Laura,1944,,8.0,,43540,4.36
737,In a Lonely Place,1950,,8.0,,27756,
738,Victoria,2015,77.0,7.6,77.0,54651,
739,The African Queen,1951,91.0,7.8,91.0,72702,0.54
740,Philomena,2013,77.0,7.6,77.0,95608,37.71
741,Mysterious Skin,2004,73.0,7.6,73.0,66577,0.7
742,Nebraska,2013,87.0,7.7,87.0,113866,17.65
743,Cat on a Hot Tin Roof,1958,84.0,8.0,84.0,46236,17.57
744,Dead Man's Shoes,2004,52.0,7.6,52.0,50469,0.01
745,Porco Rosso,1992,83.0,7.7,83.0,80582,
746,Sympathy for Mr. Vengeance,2002,56.0,7.6,56.0,64059,0.05
747,Gaslight,1944,,7.8,,25424,
748,Whisper of the Heart,1995,75.0,7.9,75.0,54491,
749,Andrei Rublev,1966,,8.1,,48633,0.1
750,The Double Life of Véronique,1991,86.0,7.8,86.0,43847,2.0
751,Baahubali: The Beginning,2015,,8.0,,105772,6.74
752,Fantastic Planet,1973,73.0,7.8,73.0,26712,0.19
753,All About My Mother,1999,87.0,7.9,87.0,90992,8.26
754,The Killing,1956,91.0,8.0,91.0,83183,
755,My Name Is Khan,2010,50.0,8.0,50.0,100782,4.02
756,The Lion in Winter,1968,,7.9,,29474,22.28
757,Waking Life,2001,83.0,7.8,83.0,61483,2.89
758,"South Park: Bigger, Longer & Uncut",1999,73.0,7.7,73.0,194102,52.04
759,Article 15,2019,,8.2,,25452,
760,The Big Sleep,1946,,7.9,,79778,6.54
761,The Day the Earth Stood Still,1951,,7.7,,76952,
762,Shadow of a Doubt,1943,94.0,7.8,94.0,60770,
763,High and Low,1963,,8.4,,36795,
764,Ikiru,1952,,8.3,,70739,0.06
765,Death Note,2006,,7.7,,29026,
766,Drishyam,2013,,8.3,,35928,
767,Swades,2004,,8.2,,85118,1.22
768,Kal Ho Naa Ho,2003,54.0,7.9,54.0,64800,1.79
769,Children of Heaven,1997,77.0,8.3,77.0,67559,0.93
770,Hedwig and the Angry Inch,2001,85.0,7.7,85.0,32371,3.03
771,Loving Vincent,2017,62.0,7.8,62.0,52486,6.74
772,Fantasia,1940,96.0,7.7,96.0,90127,76.41
773,City Lights,1931,99.0,8.5,99.0,171460,0.02
774,All Quiet on the Western Front,1930,91.0,8.1,91.0,58005,3.27
775,Loveless,2017,86.0,7.6,86.0,30799,0.57
776,Lagaan: Once Upon a Time in India,2001,84.0,8.1,84.0,106975,0.07
777,Ace in the Hole,1951,72.0,8.1,72.0,32450,3.97
778,Key Largo,1948,,7.8,,37630,
779,K.G.F: Chapter 1,2018,,8.2,,41089,
780,Secrets & Lies,1996,91.0,8.0,91.0,38779,13.42
781,Delicatessen,1991,66.0,7.6,66.0,81630,1.79
782,The Muppet Movie,1979,74.0,7.6,74.0,33504,76.66
783,Perfect Strangers,2016,,7.8,,59072,
784,Once Were Warriors,1994,77.0,7.9,77.0,31989,2.2
785,The Motorcycle Diaries,2004,75.0,7.8,75.0,97943,16.76
786,Freaks,1932,80.0,7.9,80.0,42765,
787,The Legend of 1900,1998,58.0,8.1,58.0,60147,0.26
788,Watership Down,1978,64.0,7.6,64.0,34350,
789,A Man for All Seasons,1966,72.0,7.7,72.0,32160,28.35
790,Shine,1996,87.0,7.7,87.0,52002,35.81
791,In a Better World,2010,65.0,7.6,65.0,38890,1.01
792,Guess Who's Coming to Dinner,1967,63.0,7.8,63.0,40701,56.7
793,Rockstar,2011,,7.7,,40681,0.99
794,The Diving Bell and the Butterfly,2007,92.0,8.0,92.0,104284,5.99
795,"Aguirre, the Wrath of God",1972,,7.9,,53454,
796,Wild Strawberries,1957,88.0,8.2,88.0,98942,
797,The Kid,1921,,8.3,,116527,5.45
798,Lilya 4-Ever,2002,82.0,7.8,82.0,43344,0.18
799,The Man Who Would Be King,1975,91.0,7.8,91.0,45935,
800,A Very Long Engagement,2004,76.0,7.6,76.0,71477,6.17
801,Ninja Scroll,1993,,7.9,,35176,
802,3-Iron,2004,72.0,8.0,72.0,51830,0.24
803,Night on Earth,1991,68.0,7.7,68.0,56570,2.02
804,Mr. Smith Goes to Washington,1939,73.0,8.1,73.0,108874,9.6
805,Scarface,1932,87.0,7.8,87.0,25878,
806,The Sacrifice,1986,,8.1,,25408,0.3
807,Talk to Her,2002,86.0,7.9,86.0,105907,9.28
808,Gully Boy,2019,65.0,8.0,65.0,33708,5.57
809,Song of the Sea,2014,85.0,8.1,85.0,53680,0.86
810,Land of Mine,2015,75.0,7.8,75.0,37148,0.44
811,The Conformist,1970,100.0,8.0,100.0,27936,0.54
812,When Marnie Was There,2014,72.0,7.7,72.0,34642,0.77
813,The Adventures of Robin Hood,1938,97.0,7.9,97.0,47902,3.98
814,Batman: Mask of the Phantasm,1993,,7.8,,45009,5.62
815,Time of the Gypsies,1988,,8.2,,28336,0.28
816,The Vanishing,1988,,7.7,,34699,
817,Throne of Blood,1957,,8.1,,47928,
818,Gilda,1946,,7.7,,28679,
819,Dil Chahta Hai,2001,,8.1,,67998,0.3
820,Control,2007,78.0,7.7,78.0,62358,0.87
821,Wait Until Dark,1967,81.0,7.8,81.0,28272,17.55
822,The Odd Couple,1968,86.0,7.7,86.0,32319,44.53
823,The Tale of The Princess Kaguya,2013,89.0,8.0,89.0,40640,1.51
824,Stalag 17,1953,84.0,8.0,84.0,51599,
825,Fitzcarraldo,1982,,8.1,,32364,
826,Frost/Nixon,2008,80.0,7.7,80.0,104374,18.59
827,The White Ribbon,2009,82.0,7.8,82.0,69772,2.22
828,Talvar,2015,,8.2,,32177,0.34
829,Tokyo Story,1953,,8.2,,55124,
830,Bringing Up Baby,1938,91.0,7.9,91.0,56192,
831,Elite Squad,2007,33.0,8.0,33.0,99376,0.01
832,The Little Prince,2015,70.0,7.7,70.0,57992,1.34
833,The Lunchbox,2013,76.0,7.8,76.0,51964,4.23
834,Pink,2016,,8.1,,40765,1.24
835,The Salesman,2016,85.0,7.8,85.0,53179,2.4
836,The World's Fastest Indian,2005,68.0,7.8,68.0,52643,5.13
837,A Hard Day's Night,1964,96.0,7.6,96.0,40990,13.78
838,Duck You Sucker,1971,77.0,7.6,77.0,30888,0.7
839,Le Samouraï,1967,,8.1,,46768,0.04
840,The Ladykillers,1955,91.0,7.7,91.0,27228,
841,Underground,1995,,8.1,,55927,0.17
842,Three Colors: White,1994,88.0,7.6,88.0,66472,1.46
843,Leviathan,2014,92.0,7.6,92.0,50436,1.09
844,Amarcord,1973,,7.9,,40731,0.58
845,After the Wedding,2006,78.0,7.7,78.0,32866,0.41
846,Autumn Sonata,1978,,8.2,,29010,
847,The Thin Man,1934,86.0,8.0,86.0,27263,
848,Diabolique,1955,,8.1,,62359,
849,Uri: The Surgical Strike,2018,,8.2,,45591,4.19
850,Peeping Tom,1960,,7.7,,32283,0.08
851,Ivan's Childhood,1962,,8.1,,32801,
852,Kahaani,2012,,8.1,,58928,1.04
853,The Cabinet of Dr. Caligari,1920,,8.1,,58560,
854,Wolf Children,2012,71.0,8.1,71.0,40155,
855,The Station Agent,2003,81.0,7.6,81.0,67973,5.74
856,Hard Boiled,1992,,7.8,,47440,
857,Baby,2015,,8.0,,53832,
858,Cowboy Bebop: The Movie,2001,61.0,7.9,61.0,43837,1.0
859,The Broken Circle Breakdown,2012,70.0,7.7,70.0,39905,0.18
860,The Sea Inside,2004,74.0,8.0,74.0,78577,2.09
861,Invasion of the Body Snatchers,1956,92.0,7.7,92.0,45721,
862,Crimes and Misdemeanors,1989,77.0,7.9,77.0,55534,18.25
863,Red River,1948,,7.8,,28789,
864,The Bride of Frankenstein,1935,95.0,7.8,95.0,44226,4.36
865,Kind Hearts and Coronets,1949,,8.0,,35053,
866,Evil,2003,61.0,7.8,61.0,36110,0.02
867,Rififi,1955,97.0,8.1,97.0,30609,0.06
868,Baahubali 2: The Conclusion,2017,,8.2,,78161,20.19
869,Hera Pheri,2000,,8.2,,59285,
870,Taste of Cherry,1997,80.0,7.7,80.0,25381,0.31
871,Sunrise,1927,,8.1,,47685,0.54
872,M.S. Dhoni: The Untold Story,2016,,7.9,,43237,1.78
873,Out of the Past,1947,,8.0,,33608,
874,The Message,1976,,8.2,,44764,
875,The Hidden Fortress,1958,,8.1,,35791,
876,Brief Encounter,1945,92.0,8.0,92.0,36809,
877,The Return,2003,82.0,8.0,82.0,43347,0.5
878,The Experiment,2001,60.0,7.7,60.0,91557,0.14
879,Haider,2014,,8.1,,51265,0.9
880,The Red Shoes,1948,,8.1,,31774,10.9
881,Fearless,2006,70.0,7.6,70.0,73496,24.63
882,Badhaai Ho,2018,,8.0,,29356,
883,Chhichhore,2019,,8.3,,37966,0.9
884,Munna Bhai M.B.B.S.,2003,,8.1,,75607,
885,Dilwale Dulhania Le Jayenge,1995,,8.1,,64953,
886,Tangerines,2013,73.0,8.2,73.0,42633,0.14
887,"Black Cat, White Cat",1998,73.0,8.1,73.0,51606,0.35
888,The Wages of Fear,1953,85.0,8.1,85.0,56035,
889,Harvey,1950,,7.9,,53097,
890,Queen,2013,,8.2,,61743,1.43
891,Rang De Basanti,2006,,8.1,,114279,2.2
892,The Lady Vanishes,1938,98.0,7.8,98.0,48531,
893,Persepolis,2007,90.0,8.0,90.0,90108,4.45
894,The Battle of Algiers,1966,96.0,8.1,96.0,54667,0.06
895,Only Yesterday,1991,90.0,7.6,90.0,28361,0.45
896,The Bandit,1996,,8.2,,65959,
897,The Secret of Kells,2009,81.0,7.6,81.0,32938,0.69
898,The Chorus,2004,56.0,7.9,56.0,58540,3.64
899,Head-On,2004,78.0,7.9,78.0,52041,
900,The 39 Steps,1935,93.0,7.7,93.0,53069,
901,Down by Law,1986,75.0,7.7,75.0,48743,1.44
902,Special 26,2013,,8.0,,52202,1.08
903,Cries & Whispers,1972,,8.1,,31088,1.74
904,Anand,1971,,8.3,,31850,
905,Once Upon a Time in Anatolia,2011,82.0,7.9,82.0,43401,0.14
906,The Discreet Charm of the Bourgeoisie,1972,93.0,7.9,93.0,39730,0.2
907,Winter Sleep,2014,88.0,8.1,88.0,48099,0.17
908,Jab We Met,2007,,7.9,,48855,0.41
909,Eyes Without a Face,1960,90.0,7.7,90.0,28434,0.05
910,My Father and My Son,2005,,8.3,,81109,
911,Confessions,2010,,7.7,,36408,
912,Lifeboat,1944,78.0,7.6,78.0,26953,
913,The Magdalene Sisters,2002,83.0,7.7,83.0,26241,4.89
914,Nobody Knows,2004,88.0,8.1,88.0,25570,0.68
915,Nights of Cabiria,1957,,8.1,,44019,0.75
916,The Invisible Man,1933,87.0,7.7,87.0,31427,
917,The Passion of Joan of Arc,1928,,8.1,,49213,0.02
918,Raise the Red Lantern,1991,,8.1,,30288,2.6
919,Sleuth,1972,,8.0,,45326,4.08
920,Darbareye Elly,2009,87.0,8.0,87.0,47442,0.11
921,Au Revoir les Enfants,1987,88.0,8.0,88.0,31864,4.54
922,Il Postino,1994,81.0,7.7,81.0,34315,21.85
923,Barfi!,2012,,8.1,,77218,2.8
924,Battleship Potemkin,1925,97.0,8.0,97.0,54121,0.05
925,The Innocents,1961,88.0,7.8,88.0,27714,2.62
926,Paan Singh Tomar,2012,,8.2,,34059,0.04
927,L'Avventura,1960,,7.9,,27276,
928,Andaz Apna Apna,1994,,8.1,,50519,
929,A Wednesday,2008,,8.1,,74996,
930,In America,2002,76.0,7.7,76.0,40691,15.54
931,Celda 211,2009,,7.6,,64737,
932,Lupin the Third: Castle of Cagliostro,1979,71.0,7.7,71.0,27944,
933,To Be or Not to Be,1942,86.0,8.2,86.0,31727,
934,My Sassy Girl,2001,,8.0,,45952,
935,Airlift,2016,,8.0,,53786,
936,Interstate 60: Episodes of the Road,2002,,7.7,,30473,
937,The Past,2013,85.0,7.7,85.0,45699,1.33
938,The Visitor,2007,79.0,7.6,79.0,41833,9.42
939,Sweet Smell of Success,1957,100.0,8.0,100.0,28934,
940,White Heat,1949,,8.1,,30425,
941,Departures,2008,68.0,8.1,68.0,49371,1.5
942,The Girl Who Leapt Through Time,2006,,7.7,,61736,
943,Tokyo Godfathers,2003,73.0,7.8,73.0,32934,0.13
944,Udta Punjab,2016,,7.8,,27888,
945,Farewell My Concubine,1993,,8.1,,25765,5.22
946,The Gold Rush,1925,,8.2,,103408,5.45
947,No Man's Land,2001,84.0,7.9,84.0,45305,1.06
948,G.O.R.A.,2004,,8.0,,58549,
949,The Purple Rose of Cairo,1985,75.0,7.7,75.0,47850,10.63
950,Vivre Sa Vie,1962,,8.0,,29026,
951,Jules and Jim,1962,97.0,7.8,97.0,38551,
952,Vampire Hunter D: Bloodlust,2000,62.0,7.7,62.0,29812,0.15
953,"4 Months, 3 Weeks and 2 Days",2007,97.0,7.9,97.0,57504,1.19
954,La Strada,1954,,8.0,,59328,
955,Joint Security Area,2000,58.0,7.8,58.0,27402,
956,The Triplets of Belleville,2003,91.0,7.8,91.0,51196,7.0
957,Veer-Zaara,2004,67.0,7.8,67.0,49980,2.92
958,The General,1926,,8.1,,82891,1.03
959,Duck Soup,1933,93.0,7.8,93.0,56250,
960,The Killer,1989,82.0,7.8,82.0,46189,
961,Chak De! India,2007,68.0,8.2,68.0,75614,1.11
962,Nine Queens,2000,80.0,7.9,80.0,50507,1.22
963,Elite Squad 2: The Enemy Within,2010,71.0,8.0,71.0,80088,0.1
964,Sanjuro,1962,,8.1,,33926,
965,Love and Death,1975,89.0,7.7,89.0,36671,
966,Miracle on 34th Street,1947,88.0,7.9,88.0,42069,2.65
967,The Exterminating Angel,1962,,8.1,,30381,
968,Fireworks,1997,,7.8,,28405,0.23
969,Knockin' on Heaven's Door,1997,,7.9,,28245,0.0
970,Hiroshima Mon Amour,1959,,7.9,,29255,0.09
971,Joyeux Noel,2005,70.0,7.7,70.0,28267,1.05
972,Dev.D,2009,,8.0,,29214,0.01
973,Udaan,2010,,8.1,,43121,0.01
974,The Lost Weekend,1945,,7.9,,34228,9.46
975,The Shop Around the Corner,1940,96.0,8.1,96.0,29130,0.2
976,Raazi,2018,,7.8,,26419,
977,OMG: Oh My God!,2012,,8.1,,53241,0.92
978,La Grande Illusion,1937,,8.1,,34386,0.17
979,Kai Po Che,2013,40.0,7.8,40.0,33876,1.12
980,Bhaag Milkha Bhaag,2013,,8.2,,62470,1.63
981,Central Station,1998,80.0,8.0,80.0,37174,5.6
982,The Virgin Spring,1960,,8.1,,27275,1.53
983,Vicky Donor,2012,,7.8,,40483,0.17
984,Sherlock Jr.,1924,,8.2,,43752,0.98
985,Tae Guk Gi: The Brotherhood of War,2004,64.0,8.0,64.0,38183,1.11
986,Le Dîner de Cons,1998,73.0,7.7,73.0,38055,4.07
987,Sholay,1975,,8.2,,52378,
988,Lage Raho Munna Bhai,2006,,8.0,,43991,2.22
989,The Muppet Christmas Carol,1992,64.0,7.7,64.0,50888,27.28
990,Zelig,1983,,7.7,,40466,11.8
991,C.R.A.Z.Y.,2005,81.0,7.9,81.0,31690,
992,The Rules of the Game,1939,,8.0,,27181,
993,A Night at the Opera,1935,,7.9,,31015,2.54
994,The Edge of Heaven,2007,85.0,7.8,85.0,31114,0.74
995,The Circus,1928,90.0,8.1,90.0,30994,
996,Vizontele,2001,,8.0,,34482,
997,Black,2005,,8.2,,33755,0.73
998,The Breath,2009,,8.0,,32337,
999,English Vinglish,2012,,7.8,,34217,1.67
